Бренд;Модель;Товар на сайте
LIEBHERR;WTUES1653;Встраиваемый винный шкаф Liebherr WTUes 1653 Vinidor [1124]
LIEBHERR;WTEES2053;Встраиваемый винный шкаф Liebherr WTEes 2053 Vinidor [1128]
LIEBHERR;WTI2050;Винный шкаф Liebherr WTI 2050 Vinidor [1129]
LIEBHERR;WKUES1753;Встраиваемый винный шкаф Liebherr WKUes 1753 [1138]
LIEBHERR;UWT1682;Винный шкаф Liebherr UWT 1682 Vinidor [1155]
LIEBHERR;WK2977;Винный климатический шкаф Liebherr WK 2977 Grand Cru [1117]
LIEBHERR;WK4127;Винный климатический шкаф Liebherr WK 4127 Vinothek [1118]
LIEBHERR;WK4677;Винный климатический шкаф Liebherr WK 4677 Grand Cru [1119]
LIEBHERR;WKES4177;Винный климатический шкаф Liebherr WKes 4177 Grand Cru [1121]
LIEBHERR;WTES1753;Мультитемпературный винный шкаф Liebherr WTes 1753 Vinidor [1126]
LIEBHERR;WT4127;Винный температурный шкаф Liebherr WT 4127 Vinothek [1130]
LIEBHERR;WTES4177;Винный температурный шкаф Liebherr WTes 4177 GrandCru [1131]
LIEBHERR;WTES4176;Винный температурный шкаф Liebherr WTes 4176 GrandCru [1132]
LIEBHERR;WT4176;Винный температурный шкаф Liebherr WT 4176 GrandCru [1133]
LIEBHERR;WT4177;Винный температурный шкаф Liebherr WT 4177 GrandCru [1134]
LIEBHERR;WK4176;Винный шкаф Liebherr WK 4176 [1135]
LIEBHERR;WK4177;Винный шкаф Liebherr WK 4177 [1136]
LIEBHERR;WK4676;Винный шкаф Liebherr WK 4676 [1137]
LIEBHERR;WKT4551;Винный шкаф Liebherr WKt 4551 GrandCru [1149]
LIEBHERR;WKT5551;Винный шкаф Liebherr WKt 5551 GrandCru [1150]
LIEBHERR;KB3660;Холодильник Liebherr KB 3660 Premium BioFresh [1170]
LIEBHERR;KBES3660;Холодильник Liebherr KBes 3660 Premium BioFresh [1171]
LIEBHERR;K3670;Холодильник Liebherr K 3670 Premium [1175]
LIEBHERR;KES4270;Холодильник Liebherr Kes 4270 Premium [1176]
LIEBHERR;KBES3160;Холодильник Liebherr KBes 3160 Premium BioFresh [1177]
LIEBHERR;KBES4260;Холодильник Liebherr KBes 4260 Premium BioFresh [1178]
LIEBHERR;KB4260;Холодильник Liebherr KB 4260 Premium BioFresh [1305]
LIEBHERR;K4270;Холодильник Liebherr K 4270 Premium [1308]
LIEBHERR;B2756;Холодильник Liebherr B 2756 Premium BioFresh [1314]
LIEBHERR;KBGB3864;Холодильник Liebherr KBgb 3864 Premium BioFresh [1315]
LIEBHERR;KBGW3864;Холодильник Liebherr KBgw 3864 Premium BioFresh [1316]
LIEBHERR;K2734;Холодильник Liebherr K 2734 Comfort [1340]
LIEBHERR;KBS3864;Холодильник Liebherr KBs 3864 Premium BioFresh [1366]
LIEBHERR;T1400;Холодильник Liebherr T 1400 [1383]
LIEBHERR;T1404;Холодильник Liebherr T 1404 Comfort [1385]
LIEBHERR;T1414;Холодильник Liebherr T 1414 Comfort [1386]
LIEBHERR;TPESF1714;Холодильник Liebherr TPesf 1714 Comfort [1396]
LIEBHERR;T1504;Холодильник Liebherr T 1504 [1397]
LIEBHERR;K3120COMFORT;Холодильник Liebherr K 3120 Comfort [1399]
LIEBHERR;TPESF1710;Холодильник Liebherr TPesf 1710 Comfort [1401]
LIEBHERR;TX1021;Холодильник Liebherr TX 1021 Comfort [1403]
LIEBHERR;KB3160;Холодильник Liebherr KB 3160 Premium BioFresh [1404]
LIEBHERR;T1410;Холодильник Liebherr T 1410 Comfort [1405]
LIEBHERR;K3620;Холодильник Liebherr K 3620 [1407]
LIEBHERR;T1810;Холодильник Liebherr T 1810 Comfort [1443]
LIEBHERR;T1714;Холодильник Liebherr T 1714 Comfort [1444]
LIEBHERR;T1710;Холодильник Liebherr T 1710 Comfort [1463]
LIEBHERR;TSL1414;Холодильник Liebherr Tsl 1414 Comfort [1464]
LIEBHERR;K2814;Холодильник Liebherr K 2814 Comfort [1479]
LIEBHERR;KB4210;Холодильник Liebherr KB 4210 Comfort BioFresh [1480]
LIEBHERR;KBBS4260;Холодильник Liebherr KBbs 4260 Premium BioFresh [1481]
LIEBHERR;KSL2814;Холодильник Liebherr Ksl 2814 Comfort [1482]
LIEBHERR;B2850;Холодильник Liebherr B 2850 Premium BioFresh [1527]
LIEBHERR;K3130;Холодильник Liebherr K 3130 Comfort [1530]
LIEBHERR;T1700;Холодильник Liebherr T 1700 [1546]
LIEBHERR;SK4210PREMIUM;Холодильник Liebherr SK 4210 Premium [1553]
LIEBHERR;KBIES4350;Холодильник Liebherr KBies 4350 Premium BioFresh [1559]
LIEBHERR;TBE1404;Холодильник Liebherr Tbe 1404 [1583]
LIEBHERR;TB1400;Холодильник Liebherr Tb 1400 [1584]
LIEBHERR;SKESF4240;Холодильник Liebherr SKesf 4240 Comfort [1608]
LIEBHERR;SK4240;Холодильник Liebherr SK 4240 Comfort [1609]
LIEBHERR;CN5156;Холодильник Liebherr CN 5156 Premium NoFrost [1179]
LIEBHERR;CN3503;Холодильник Liebherr CN 3503 NoFrost [1180]
LIEBHERR;CUP3011;Холодильник Liebherr CUP 3011 [1182]
LIEBHERR;CT2841;Холодильник Liebherr CT 2841 Comfort [1186]
LIEBHERR;CT2411;Холодильник Liebherr CT 2411 Comfort [1187]
LIEBHERR;C4023;Холодильник Liebherr C 4023 [1188]
LIEBHERR;CNESF5113;Холодильник Liebherr CNesf 5113 Comfort NoFrost [1189]
LIEBHERR;CN5113;Холодильник Liebherr CN 5113 Comfort NoFrost [1190]
LIEBHERR;CNES4023;Холодильник Liebherr CNes 4023 Comfort NoFrost [1191]
LIEBHERR;CN4023;Холодильник Liebherr CN 4023 Comfort NoFrost [1192]
LIEBHERR;CBN3913;Холодильник Liebherr CBN 3913 Comfort BioFresh NoFrost [1193]
LIEBHERR;CN3913;Холодильник Liebherr CN 3913 Comfort NoFrost [1195]
LIEBHERR;CUN3033;Холодильник Liebherr CUN 3033 Comfort NoFrost [1196]
LIEBHERR;CUP2721;Холодильник Liebherr CUP 2721 Comfort [1200]
LIEBHERR;CUP2711;Холодильник Liebherr CUP 2711 [1201]
LIEBHERR;CN4013;Холодильник Liebherr CN 4013 Comfort NoFrost [1204]
LIEBHERR;CU3503;Холодильник Liebherr CU 3503 [1209]
LIEBHERR;CN4003;Холодильник Liebherr CN 4003 NoFrost [1210]
LIEBHERR;CNES4003;Холодильник Liebherr CNes 4003 NoFrost [1211]
LIEBHERR;CES4023;Холодильник Liebherr Ces 4023 Comfort [1214]
LIEBHERR;CTNES4753;Холодильник Liebherr CTNes 4753 Premium NoFrost [1216]
LIEBHERR;CUNESF3903;Холодильник Liebherr CUNesf 3903 NoFrost [1221]
LIEBHERR;CN3033;Холодильник Liebherr CN 3033 Comfort  NoFrost [1222]
LIEBHERR;CNES4013;Холодильник Liebherr CNes 4013 Comfort NoFrost [1224]
LIEBHERR;CUPESF2721;Холодильник Liebherr CUPesf 2721 Comfort [1226]
LIEBHERR;CP4613;Холодильник Liebherr CP 4613 Comfort [1228]
LIEBHERR;CUP2221;Холодильник Liebherr CUP 2221 Comfort [1229]
LIEBHERR;CBNES3957;Холодильник Liebherr CBNes 3957 Premium BioFresh NoFrost [1231]
LIEBHERR;CBN5156;Холодильник Liebherr CBN 5156 Premium BioFresh NoFrost [1232]
LIEBHERR;CBNESF5113;Холодильник Liebherr CBNesf 5113 Comfort BioFresh NoFrost [1235]
LIEBHERR;CBN3956;Холодильник Liebherr CBN 3956 Premium BioFresh NoFrost [1236]
LIEBHERR;CBNES4656;Холодильник Liebherr CBNes 4656 Premium BioFresh NoFrost [1239]
LIEBHERR;CBN3656;Холодильник Liebherr CBN 3656 Premium BioFresh NoFrost [1240]
LIEBHERR;CBNES3956;Холодильник Liebherr CBNes 3956 Premium BioFresh NoFrost [1241]
LIEBHERR;CBNPES3976;Холодильник Liebherr CBNPes 3976 Premium BioFresh NoFrost [1242]
LIEBHERR;CBNESF3913;Холодильник Liebherr CBNesf 3913 Comfort BioFresh NoFrost [1244]
LIEBHERR;CBNES3656;Холодильник Liebherr CBNes 3656 Premium BioFresh NoFrost [1245]
LIEBHERR;C3523;Холодильник Liebherr C 3523 [1250]
LIEBHERR;CT2441;Холодильник Liebherr CT 2441 Comfort [1251]
LIEBHERR;CBNGB3956;Холодильник Liebherr CBNgb 3956 Premium BioFresh NoFrost [1294]
LIEBHERR;CBNGW3956;Холодильник Liebherr CBNgw 3956 Premium BioFresh NoFrost [1295]
LIEBHERR;CNES5156;Холодильник Liebherr CNes 5156 Premium NoFrost [1302]
LIEBHERR;CNESF4003;Холодильник Liebherr CNesf 4003 Comfort NoFrost [1304]
LIEBHERR;CBPESF4013;Холодильник Liebherr CBPesf 4013 BioFresh [1309]
LIEBHERR;CBNB3913;Холодильник Liebherr CBNb 3913 Comfort BioFresh NoFrost [1310]
LIEBHERR;CBP4013;Холодильник Liebherr CBP 4013 Comfort BioFresh [1318]
LIEBHERR;CTPESF3316;Холодильник Liebherr CTPesf 3316 Comfort [1319]
LIEBHERR;CBPESF3613;Холодильник Liebherr CBPesf 3613 Comfort BioFresh [1320]
LIEBHERR;CBP3613;Холодильник Liebherr CBP 3613 Comfort BioFresh [1321]
LIEBHERR;CPESF4613;Холодильник Liebherr CPesf 4613 Comfort [1322]
LIEBHERR;CT3306;Холодильник Liebherr CT 3306 Comfort [1323]
LIEBHERR;CTN3653;Холодильник Liebherr CTN 3653 Premium NoFrost [1326]
LIEBHERR;CTNESF3653;Холодильник Liebherr CTNesf 3653 Premium NoFrost [1327]
LIEBHERR;CTP3016;Холодильник Liebherr CTP 3016 Comfort [1328]
LIEBHERR;CTPESF3016;Холодильник Liebherr CTPesf 3016 Comfort [1329]
LIEBHERR;CUP2901;Холодильник Liebherr CUP 2901 Comfort [1330]
LIEBHERR;CUPESF2901;Холодильник Liebherr CUPesf 2901 Comfort [1331]
LIEBHERR;CBNPGB3956;Холодильник Liebherr CBNPgb 3956 [1364]
LIEBHERR;CBNPGW3956;Холодильник Liebherr CBNPgw 3956 [1365]
LIEBHERR;CBNES5156;Холодильник Liebherr CBNes 5156 Premium BioFresh NoFrost [1369]
LIEBHERR;CUPSL2721;Холодильник Liebherr CUPsl 2721 Comfort [1370]
LIEBHERR;CUPSL2901;Холодильник Liebherr CUPsl 2901 Comfort [1371]
LIEBHERR;CBNPES3967;Холодильник Liebherr CBNPes 3967 Premium Plus BioFresh NoFrost [1373]
LIEBHERR;CNP3913;Холодильник Liebherr CNP 3913 Comfort NoFrost [1375]
LIEBHERR;CNP4056;Холодильник Liebherr CNP 4056 Premium NoFrost [1376]
LIEBHERR;CTSL3306;Холодильник Liebherr CTsl 3306 Comfort [1384]
LIEBHERR;CTSL2441;Холодильник Liebherr CTsl 2441 Comfort [1388]
LIEBHERR;CTSL2841;Холодильник Liebherr CTsl 2841 Comfort [1389]
LIEBHERR;CNSL4003;Холодильник Liebherr CNsl 4003 NoFrost [1390]
LIEBHERR;CNSL3033;Холодильник Liebherr CNsl 3033 Comfort NoFrost [1391]
LIEBHERR;CNPES4056;Холодильник Liebherr CNPes 4056 Premium NoFrost [1392]
LIEBHERR;CNPESF3913;Холодильник Liebherr CNPesf 3913 Comfort NoFrost [1393]
LIEBHERR;CUSL3503;Холодильник Liebherr CUsl 3503 [1395]
LIEBHERR;CUP3221COMFORT;Холодильник Liebherr CUP 3221 Comfort [1400]
LIEBHERR;CUPSL3221COMFORT;Холодильник Liebherr CUPsl 3221 Comfort [1402]
LIEBHERR;CBNPES3756;Холодильник Liebherr CBNPes 3756 Premium BioFresh NoFrost [1406]
LIEBHERR;ICP3026COMFORT;Холодильник Liebherr ICP 3026 Comfort [1408]
LIEBHERR;CUNESF3523;Холодильник Liebherr CUNesf 3523 [1415]
LIEBHERR;CBPESF4033;Холодильник Liebherr CBPesf 4033 [1417]
LIEBHERR;CUNESF3923;Холодильник Liebherr CUNesf 3923 [1419]
LIEBHERR;CTP3316;Холодильник Liebherr CTP 3316 Comfort [1420]
LIEBHERR;CBNPES3956;Холодильник Liebherr CBNPes 3956 Premium BioFresh NoFrost [1423]
LIEBHERR;CBNP3956;Холодильник Liebherr CBNP 3956 Premium BioFresh NoFrost [1425]
LIEBHERR;CUN3523;Холодильник Liebherr CUN 3523 Comfort NoFrost [1431]
LIEBHERR;CTN3663;Холодильник Liebherr CTN 3663 Premium NoFrost [1439]
LIEBHERR;CTP2521;Холодильник Liebherr CTP 2521 Comfort [1440]
LIEBHERR;CTP2921;Холодильник Liebherr CTP 2921 Comfort [1441]
LIEBHERR;CTPSL2521;Холодильник Liebherr CTPsl 2521 Comfort [1442]
LIEBHERR;CTPSL2921;Холодильник Liebherr CTPsl 2921 Comfort [1445]
LIEBHERR;CTNESF3663;Холодильник Liebherr CTNesf 3663 Premium NoFrost [1446]
LIEBHERR;CNPES5156;Холодильник Liebherr CNPes 5156 Premium NoFrost [1448]
LIEBHERR;CUNESF3933;Холодильник Liebherr CUNesf 3933 Comfort Nofrost [1453]
LIEBHERR;CUN3923;Холодильник Liebherr CUN 3923 Comfort NoFrost [1454]
LIEBHERR;CNSL3503;Холодильник Liebherr CNsl 3503 Comfort NoFrost [1456]
LIEBHERR;CTPSL2541;Холодильник Liebherr CTPsl 2541 Comfort [1460]
LIEBHERR;CUN4023;Холодильник Liebherr CUN 4023 Comfort NoFrost [1461]
LIEBHERR;CBNPBS3756;Холодильник Liebherr CBNPbs 3756 Premium BioFresh NoFrost [1465]
LIEBHERR;CNPBS4013;Холодильник Liebherr CNPbs 4013 Comfort NoFrost [1466]
LIEBHERR;CNPESF4003;Холодильник Liebherr CNPesf 4003 [1467]
LIEBHERR;CNP4003;Холодильник Liebherr CNP 4003 NoFrost [1468]
LIEBHERR;CNPESF4006;Холодильник Liebherr CNPesf 4006 Comfort NoFrost [1471]
LIEBHERR;CU2311;Холодильник Liebherr CU 2311 Comfort [1472]
LIEBHERR;CU2811;Холодильник Liebherr CU 2811 Comfort [1473]
LIEBHERR;CUEF2811;Холодильник Liebherr CUef 2811 Comfort [1474]
LIEBHERR;CUSL2811;Холодильник Liebherr CUsl 2811 Comfort [1475]
LIEBHERR;CUWB3311;Холодильник Liebherr CUwb 3311 [1487]
LIEBHERR;CUFR3311;Холодильник Liebherr CUfr 3311 [1488]
LIEBHERR;CUAG3311;Холодильник Liebherr CUag 3311 [1489]
LIEBHERR;CU3311;Холодильник Liebherr CU 3311 [1490]
LIEBHERR;CUEF3311;Холодильник Liebherr CUef 3311 [1491]
LIEBHERR;CU4023COMFORT;Холодильник Liebherr CU 4023 Comfort [1492]
LIEBHERR;CUESF4023COMFORT;Холодильник Liebherr CUesf 4023 Comfort [1493]
LIEBHERR;CUN3933COMFORTNOFROST;Холодильник Liebherr CUN 3933 Comfort NoFrost [1494]
LIEBHERR;CUN4033COMFORTNOFROST;Холодильник Liebherr CUN 4033 Comfort NoFrost [1495]
LIEBHERR;CNPESF3513COMFORTNOFROST;Холодильник Liebherr CNPesf 3513 Comfort NoFrost [1496]
LIEBHERR;CNPESF4013COMFORTNOFROST;Холодильник Liebherr CNPesf 4013 Comfort NoFrost [1497]
LIEBHERR;CNEF4015;Холодильник Liebherr CNef 4015 Comfort NoFrost [1500]
LIEBHERR;CNEF3915;Холодильник Liebherr CNef 3915 Comfort NoFrost [1501]
LIEBHERR;CN3915;Холодильник Liebherr CN 3915 Comfort NoFrost [1503]
LIEBHERR;CN3515;Холодильник Liebherr CN 3515 Comfort NoFrost [1504]
LIEBHERR;CNEF3515;Холодильник Liebherr CNef 3515 Comfort NoFrost [1505]
LIEBHERR;CUEF3515;Холодильник Liebherr CUef 3515 Comfort [1506]
LIEBHERR;CUEF2915;Холодильник Liebherr CUef 2915 Comfort [1507]
LIEBHERR;CU2915;Холодильник Liebherr CU 2915 Comfort [1508]
LIEBHERR;CNEF4815;Холодильник Liebherr CNef 4815 Comfort NoFrost [1509]
LIEBHERR;CNBS4015;Холодильник Liebherr CNbs 4015 Comfort NoFrost [1514]
LIEBHERR;CNBS3915;Холодильник Liebherr CNbs 3915 Comfort NoFrost [1515]
LIEBHERR;C4025;Холодильник Liebherr C 4025 Comfort [1518]
LIEBHERR;C3525;Холодильник Liebherr C 3525 Comfort [1519]
LIEBHERR;CEF4025;Холодильник Liebherr Cef 4025 Comfort [1533]
LIEBHERR;CUSL2915;Холодильник Liebherr CUsl 2915 Comfort [1535]
LIEBHERR;CN3505COMFORTNOFROST;Холодильник Liebherr CN 3505 Comfort NoFrost [1552]
LIEBHERR;CBNIES4858;Холодильник Liebherr CBNies 4858 Premium BioFresh NoFrost [1555]
LIEBHERR;CBNIGW4855;Liebherr Liebherr CBNigw 4855 Premium BioFresh NoFrost [1556]
LIEBHERR;CBNIGB4855;Холодильник Liebherr CBNigb 4855 Premium BioFresh NoFrost [1557]
LIEBHERR;CBNICV4855PREMIUMBIOFRESHNOFROST;Холодильник Liebherr CBNicv 4855 Premium BioFresh NoFrost [1558]
LIEBHERR;CU3515;Холодильник Liebherr CU 3515 Comfort [1561]
LIEBHERR;CUBE4015;Холодильник Liebherr CUbe 4015 Comfort [1565]
LIEBHERR;CNBE4015;Холодильник Liebherr CNbe 4015 Comfort NoFrost [1566]
LIEBHERR;CTNEF5215;Холодильник Liebherr CTNef 5215 Comfort NoFrost [1567]
LIEBHERR;CTN5215;Холодильник Liebherr CTN 5215 Comfort NoFrost [1568]
LIEBHERR;CNEF3535;Холодильник Liebherr CNef 3535 Comfort NoFrost [1569]
LIEBHERR;CNPEL4813;Холодильник Liebherr CNPel 4813 Comfort NoFrost [1572]
LIEBHERR;CNP4813;Холодильник Liebherr CNP 4813 Comfort NoFrost [1573]
LIEBHERR;CNP4313;Холодильник Liebherr CNP 4313 NoFrost [1574]
LIEBHERR;CN4213;Холодильник Liebherr CN 4213 NoFrost [1579]
LIEBHERR;CNEL4213;Холодильник Liebherr CNel 4213 NoFrost [1580]
LIEBHERR;CNPEL4313;Холодильник Liebherr CNPel 4313 NoFrost [1582]
LIEBHERR;CNST4813;Холодильник Liebherr CNst 4813 NoFrost [1597]
LIEBHERR;CNEF4825;Холодильник Liebherr CNef 4825 Comfort NoFrost [1602]
LIEBHERR;CUSL2311;Холодильник Liebherr CUsl 2311 [1607]
LIEBHERR;CBNPGC4855;Холодильник Liebherr CBNPgc 4855 Premium BioFresh NoFrost [2239]
LIEBHERR;SBS7252;Холодильник Liebherr SBS 7252 (SK 4210 + SGN 3010) Premium NoFrost [1252]
LIEBHERR;SBSES6352;Холодильник Liebherr SBSes 6352 Premium NoFrost [1253]
LIEBHERR;SBSES7252;Холодильник Liebherr SBSes 7252 (SKes 4210 + SGNes 3010) Premium NoFrost [1255]
LIEBHERR;SBSES7253;Холодильник Liebherr SBSes 7253 (SGNes 3010 + SKBes 4210) Premium BioFresh NoFrost [1256]
LIEBHERR;SBSES7263;Холодильник Liebherr SBSes 7263 Premium BioFresh NoFrost [1257]
LIEBHERR;SBSES7353;Холодильник Liebherr SBSes 7353 (SBNes 32100+SKes 42100) Premium BioFresh NoFrost [1258]
LIEBHERR;SBS6352;Холодильник Liebherr SBS 6352 Premium NoFrost [1306]
LIEBHERR;SBS7212;Холодильник Liebherr SBS 7212 (SGN 3063-21 001+SK 4240-21 001) Comfort NoFrost [1336]
LIEBHERR;SBSESF7212;Холодильник Liebherr SBSesf 7212 (SGNesf 3063-22 + SKesf 4240-22) Comfort NoFrost [1347]
LIEBHERR;SBSES8283;Холодильник Liebherr SBSes 8283 [1367]
LIEBHERR;SBS7253;Холодильник Liebherr SBS 7253 Premium BioFresh NoFrost [1430]
LIEBHERR;SBSBS7263;Холодильник Liebherr SBSbs 7263 Premium BioFresh NoFrost [1484]
LIEBHERR;SBSESF7222;Холодильник Liebherr SBSesf 7222 Comfort NoFrost [1499]
LIEBHERR;SBS7242;Холодильник Liebherr SBS 7242 Comfort NoFrost [1562]
LIEBHERR;SBSEF7242;Холодильник Liebherr SBSef 7242 Comfort NoFrost [1563]
LIEBHERR;SBSEF7343;Холодильник Liebherr SBSef 7343 Comfort BioFresh NoFrost [1606]
LIEBHERR;GNES3076;Морозильник Liebherr GNes 3076 Premium NoFrost [1264]
LIEBHERR;GN3076;Морозильник Liebherr GN 3076 Premium NoFrost [1268]
LIEBHERR;G2033;Морозильник Liebherr G 2033 Comfort SuperFrost [1311]
LIEBHERR;G2433;Морозильник Liebherr G 2433 Comfort SuperFrost [1312]
LIEBHERR;G2733;Морозильник Liebherr G 2733 Comfort SuperFrost [1338]
LIEBHERR;GN1066;Морозильник Liebherr GN 1066 Premium NoFrost [1363]
LIEBHERR;GNP2356;Морозильник Liebherr GNP 2356 Premium NoFrost [1377]
LIEBHERR;GP1376;Морозильник Liebherr GP 1376 Premium [1379]
LIEBHERR;GX823;Морозильник Liebherr GX 823 Comfort [1380]
LIEBHERR;GP1476;Морозильник Liebherr GP 1476 Premium [1381]
LIEBHERR;GPESF1476;Морозильник Liebherr GPesf 1476 Premium [1382]
LIEBHERR;G1223;Морозильник Liebherr G 1223 Comfort [1387]
LIEBHERR;G1213;Морозильник Liebherr G 1213 [1416]
LIEBHERR;GN1923;Морозильник Liebherr GN 1923 NoFrost [1449]
LIEBHERR;GN2323;Морозильник Liebherr GN 2323 Comfort NoFrost [1450]
LIEBHERR;GP2433;Морозильник Liebherr GP 2433 Comfort [1457]
LIEBHERR;GP2733;Морозильник Liebherr GP 2733 Comfort [1458]
LIEBHERR;GP2033;Морозильник Liebherr GP 2033 Comfort [1459]
LIEBHERR;GSL1223;Морозильник Liebherr Gsl 1223 Comfort [1478]
LIEBHERR;SGNESF3063;Морозильник Liebherr SGNesf 3063 Comfort NoFrost [1485]
LIEBHERR;SGNES3011;Морозильник Liebherr SGNes 3011 Premium NoFrost [1570]
LIEBHERR;SGNBS3011;Морозильник Liebherr SGNbs 3011 Premium NoFrost [1571]
LIEBHERR;GBE1213;Морозильник Liebherr Gbe 1213 [1578]
LIEBHERR;GNP1956;Морозильник Liebherr GNP 1956 Premium NoFrost [1587]
LIEBHERR;SGN3063;Морозильник Liebherr SGN 3063 Comfort NoFrost [1610]
LIEBHERR;GP1213;Морозильник Liebherr GP 1213 Comfort [1615]
LIEBHERR;GTP3126;Морозильный ларь Liebherr GTP 3126 Premium [1290]
LIEBHERR;GTP2356;Морозильный ларь Liebherr GTP 2356 Premium [1292]
LIEBHERR;GT4221;Морозильный ларь Liebherr GT 4221 Comfort [1333]
LIEBHERR;GT1421;Морозильный ларь Liebherr GT 1421 Comfort [1339]
LIEBHERR;GT2121;Морозильный ларь Liebherr GT 2121 Comfort [1345]
LIEBHERR;GT3621;Морозильный ларь Liebherr GT 3621 Comfort [1346]
LIEBHERR;GT3021;Морозильный ларь Liebherr GT 3021 Comfort [1348]
LIEBHERR;GT4921;Морозильный ларь Liebherr GT 4921 Comfort [1349]
LIEBHERR;GT1456;Морозильный ларь Liebherr GT 1456 [1350]
LIEBHERR;GT6121;Морозильный ларь Liebherr GT 6121 [1352]
LIEBHERR;GT3056;Морозильный ларь Liebherr GT 3056 [1354]
LIEBHERR;GT3756;Морозильный ларь Liebherr GT 3756 [1355]
LIEBHERR;GT2621;Морозильный ларь Liebherr GT 2621 [1356]
LIEBHERR;GT2156;Морозильный ларь Liebherr GT 2156 Premium [1359]
LIEBHERR;GT2656;Морозильный ларь Liebherr GT 2656 Premium [1360]
LIEBHERR;GT4756;Морозильный ларь Liebherr GT 4756 Premium [1361]
LIEBHERR;GTP2756;Морозильный ларь Liebherr GTP 2756 Premium [1362]
LIEBHERR;GT1432;Морозильный ларь Liebherr GT 1432 Comfort [1432]
LIEBHERR;GT2632;Морозильный ларь Liebherr GT 2632 Comfort [1433]
LIEBHERR;GT3032;Морозильный ларь Liebherr GT 3032 Comfort [1434]
LIEBHERR;GT3622;Морозильный ларь Liebherr GT 3622 Comfort [1435]
LIEBHERR;GT4232;Морозильный ларь Liebherr GT 4232 Comfort [1436]
LIEBHERR;GT4932;Морозильный ларь Liebherr GT 4932 Comfort [1451]
LIEBHERR;GT6122;Морозильный ларь Liebherr GT 6122 Comfort [1452]
LIEBHERR;GT2122;Морозильный ларь Liebherr GT 2122 Comfort [1455]
LIEBHERR;GTP4656;Морозильный ларь Liebherr GTP 4656 Premium [1462]
LIEBHERR;GT2132;Морозильный ларь Liebherr GT 2132 Comfort [1532]
LIEBHERR;GT3632;Морозильный ларь Liebherr GT 3632 Comfort [1534]
LIEBHERR;GTP3656;Морозильный ларь Liebherr GTP 3656 Premium [1548]
LIEBHERR;IB1650;Холодильник Liebherr IB 1650 Premium BioFresh [1778]
LIEBHERR;ICP3016COMFORT;Холодильник Liebherr ICP 3016 Comfort [1676]
LIEBHERR;ICS3013;Холодильник Liebherr ICS 3013 Comfort [1640]
LIEBHERR;ICS3113;Холодильник Liebherr ICS 3113 Comfort [1642]
LIEBHERR;ICUS2913;Холодильник Liebherr ICUS 2913 Comfort [1639]
LIEBHERR;IK1650;Холодильник Liebherr IK 1650 Premium [1696]
LIEBHERR;IK1654;Холодильник Liebherr IK 1654 Premium [1697]
LIEBHERR;IK1664;Холодильник Liebherr IK 1664 Premium [1776]
LIEBHERR;IK1950;Холодильник Liebherr IK 1950 Premium [1698]
LIEBHERR;IK1954;Холодильник Liebherr IK 1954 Premium [1699]
LIEBHERR;IK2350;Холодильник Liebherr IK 2350 Premium [1700]
LIEBHERR;IK2354;Холодильник Liebherr IK 2354 Premium [1701]
LIEBHERR;IK2364;Холодильник Liebherr IK 2364 Premium [1768]
LIEBHERR;IK2750;Холодильник Liebherr IK 2750 Premium [1702]
LIEBHERR;IK2754;Холодильник Liebherr IK 2754 Premium [1703]
LIEBHERR;IK3510;Холодильник Liebherr IK 3510 Comfort [1704]
LIEBHERR;IK3514COMFORT;Холодильник Liebherr IK 3514 Comfort [1717]
LIEBHERR;IK3620;Холодильник Liebherr IK 3620 Comfort [1655]
LIEBHERR;IKB2350;Холодильник Liebherr IKB 2350 Premium BioFresh [1705]
LIEBHERR;IKB2354;Холодильник Liebherr IKB 2354 Premium BioFresh [1706]
LIEBHERR;IKB2460;Холодильник Liebherr IKB 2460 PremiumPlus BioFresh [1659]
LIEBHERR;IKB2750;Холодильник Liebherr IKB 2750 Premium BioFresh [1707]
LIEBHERR;IKB2820;Холодильник Liebherr IKB 2820 Premium BioFresh [1660]
LIEBHERR;IKB2860;Холодильник Liebherr IKB 2860 PremiumPlus BioFresh [1661]
LIEBHERR;IKB3454;Холодильник Liebherr IKB 3454 PremiumPlus BioFresh [1623]
LIEBHERR;IKB3510;Холодильник Liebherr IKB 3510 Comfort BioFresh [1709]
LIEBHERR;IKB3514;Холодильник Liebherr IKB 3514 Comfort BioFresh [1710]
LIEBHERR;IKB3550;Холодильник Liebherr IKB 3550 Premium BioFresh [1711]
LIEBHERR;IKB3554;Холодильник Liebherr IKB 3554 Premium BioFresh [1712]
LIEBHERR;IKB3620;Холодильник Liebherr IKB 3620 [1677]
LIEBHERR;IKB3660;Холодильник Liebherr IKB 3660 PremiumPlus BioFresh [1654]
LIEBHERR;IKP1554;Холодильник Liebherr IKP 1554 Premium [1625]
LIEBHERR;IKP1760;Холодильник Liebherr IKP 1760 Premium [1622]
LIEBHERR;IKP2254;Холодильник Liebherr IKP 2254 Premium [1616]
LIEBHERR;IKP2860;Холодильник Liebherr IKP 2860 [1664]
LIEBHERR;IKS1610;Холодильник Liebherr IKS 1610 Comfort [1713]
LIEBHERR;IKS1750;Холодильник Liebherr IKS 1750 Comfort [1621]
LIEBHERR;IKS2254;Холодильник Liebherr IKS 2254 Comfort [1627]
LIEBHERR;IKS2314;Холодильник Liebherr IKS 2314 Comfort [1714]
LIEBHERR;ICBN3314;Холодильник Liebherr ICBN 3314 Comfort BioFresh NoFrost [1683]
LIEBHERR;ICBN3356;Холодильник Liebherr ICBN 3356 Premium BioFresh NoFrost [1682]
LIEBHERR;ICBN3366;Холодильник Liebherr ICBN 3366 Premium BioFresh NoFrost [1684]
LIEBHERR;ICBP3256;Холодильник Liebherr ICBP 3256 Premium BioFresh [1681]
LIEBHERR;ICBS3214;Холодильник Liebherr ICBS 3214 Comfort BioFresh [1686]
LIEBHERR;ICBS3314COMFORT;Холодильник Liebherr ICBS 3314 Comfort BioFresh [1732]
LIEBHERR;ICN3356;Холодильник Liebherr ICN 3356 Premium NoFrost [1678]
LIEBHERR;ICN3366;Холодильник Liebherr ICN 3366 Premium NoFrost [1685]
LIEBHERR;ICP3314;Холодильник Liebherr ICP 3314 [1735]
LIEBHERR;ICS3204;Холодильник Liebherr ICS 3204 Comfort [1687]
LIEBHERR;ICS3214;Холодильник Liebherr ICS 3214 Comfort [1688]
LIEBHERR;ICS3224;Холодильник Liebherr ICS 3224 Comfort [1753]
LIEBHERR;ICS3304;Холодильник Liebherr ICS 3304 Comfort [1689]
LIEBHERR;ICS3314;Холодильник Liebherr ICS 3314 Comfort [1690]
LIEBHERR;ICS3324;Холодильник Liebherr ICS 3324 Comfort [1808]
LIEBHERR;ICU3314;Холодильник Liebherr ICU 3314 Comfort [1691]
LIEBHERR;ICUN3314;Холодильник Liebherr ICUN 3314 Comfort NoFrost [1692]
LIEBHERR;ICUNS3023;Холодильник Liebherr ICUNS 3023 Comfort NoFrost [1670]
LIEBHERR;ICUNS3314;Холодильник Liebherr ICUNS 3314 Comfort NoFrost [1693]
LIEBHERR;ICUNS3324;Холодильник Liebherr ICUNS 3324 Comfort NoFrost [1751]
LIEBHERR;ICUS2914;Холодильник Liebherr ICUS 2914 Comfort [1694]
LIEBHERR;ICUS3013;Холодильник Liebherr ICUS 3013 Comfort [1644]
LIEBHERR;ICUS3314;Холодильник Liebherr ICUS 3314 Comfort [1695]
LIEBHERR;IK1610COMFORT;Холодильник Liebherr IK 1610 Comfort [1725]
LIEBHERR;IK1614COMFORT;Холодильник Liebherr IK 1614 Comfort [1726]
LIEBHERR;IK1660;Холодильник Liebherr IK 1660 Premium [1784]
LIEBHERR;IKB1910;Холодильник Liebherr IKB 1910 Comfort BioFresh [1729]
LIEBHERR;IKB2224;Холодильник Liebherr IKB 2224 [1669]
LIEBHERR;IKB2364;Холодильник Liebherr IKB 2364 Premium BioFresh [1774]
LIEBHERR;IKB2664;Холодильник Liebherr IKB 2664 [1668]
LIEBHERR;IKB2754;Холодильник Liebherr IKB 2754 Premium BioFresh [1708]
LIEBHERR;IKB2764;Холодильник Liebherr IKB 2764 Premium BioFresh [1786]
LIEBHERR;IKB3464;Холодильник Liebherr IKB 3464 [1671]
LIEBHERR;IKBP3550;Холодильник Liebherr IKBP 3550 Premium BioFresh [1730]
LIEBHERR;SICN3356;Холодильник Liebherr SICN 3356 Premium NoFrost [1731]
LIEBHERR;UIK1550;Холодильник Liebherr UIK 1550 Premium [1734]
LIEBHERR;SBS57I2;Холодильник Liebherr SBS 57I2 (ICN 3066 + ICN 3056) Premium NoFrost [1647]
LIEBHERR;SBS57I3;Холодильник Liebherr SBS 57I3 (ICN 3066 + ICBN 3056) Premium BioFresh NoFrost [1645]
LIEBHERR;SBS61I4;Холодильник Liebherr SBS 61I4 (IGN 2566 + IKB 3660) Premium Plus BioFresh NoFrost [1646]
LIEBHERR;ECN6156;Холодильник Liebherr ECN 6156 [1658]
LIEBHERR;UIK1424;Холодильник Liebherr UIK 1424 Comfort [1629]
LIEBHERR;UIK1620;Холодильник Liebherr UIK 1620 Comfort [1656]
LIEBHERR;IG1156;Морозильник Liebherr IG 1156 Premium SuperFrost [1652]
LIEBHERR;IG1956;Морозильник Liebherr IG 1956 Premium SuperFrost [1651]
LIEBHERR;IG956;Морозильник Liebherr IG 956 Premium SuperFrost [1653]
LIEBHERR;IGN2556;Морозильник Liebherr IGN 2556 Premium NoFrost [1650]
LIEBHERR;IGN2566;Морозильник Liebherr IGN 2566 Premium NoFrost [1649]
LIEBHERR;IGS1113;Морозильник Liebherr IGS 1113 [1672]
LIEBHERR;IG1014;Морозильник Liebherr IG 1014 Comfort SuperFrost [1718]
LIEBHERR;IG1614;Морозильник Liebherr IG 1614 Comfort SuperFrost [1720]
LIEBHERR;IGN1054;Морозильник Liebherr IGN 1054 Premium NoFrost [1719]
LIEBHERR;IGN1654;Морозильник Liebherr IGN 1654 Premium NoFrost [1721]
LIEBHERR;IGN2756;Морозильник Liebherr IGN 2756 Premium NoFrost [1722]
LIEBHERR;IGN3556;Морозильник Liebherr IGN 3556 Premium NoFrost [1716]
LIEBHERR;IGS1614COMFORT;Морозильник Liebherr IGS 1614 Comfort [1724]
LIEBHERR;SIGN3566;Морозильник Liebherr SIGN 3566 Premium NoFrost [1727]
LIEBHERR;UIG1313;Морозильник Liebherr UIG 1313 Comfort SuperFrost [1648]
LIEBHERR;IGS1101;Встраиваемый морозильник Liebherr IGS 1101 [1673]
LIEBHERR;ICB31660;Холодильник Liebherr ICB 3166 PremiumPlus BioFresh [1632]
LIEBHERR;ICBN30560;Холодильник Liebherr ICBN 3056 Premium BioFresh NoFrost [1631]
LIEBHERR;ICBN30660;Холодильник Liebherr ICBN 3066 PremiumPlus BioFresh NoFrost [1636]
LIEBHERR;ICBS3156;Холодильник Liebherr  ICBS 3156 BioFresh [1634]
LIEBHERR;ICN3056;Холодильник Liebherr ICN 3056 Premium NoFrost [1637]
LIEBHERR;ICN3066;Холодильник Liebherr ICN 3066 Premium NoFrost [1638]
LIEBHERR;IKBV3254;Холодильник Liebherr IKBV 3254 Premium BioFresh [1633]
LIEBHERR;FKDV3713;Холодильник Liebherr FKDv 3713 Premium [1840]
LIEBHERR;FT2900;Холодильный ларь Liebherr FT 2900 [1858]
LIEBHERR;FT2902;Холодильный ларь Liebherr FT 2902 [1859]
LIEBHERR;FV3613;Морозильник Liebherr Fv 3613 [1860]
MAGICPOWER;MP011;Средство для очистки холодильников и морозильных камер Magic Power MP-011 [1809]
MAGICPOWER;MAGICPOWER507;Микрофибровая универсальная салфетка Magic Power МР-507 [1810]
MAGICPOWER;MP612;Коврик антибактериальный для холодильников Magic Power MP-612 [1812]
TOPHOUSE;RHODOPHYCEAE;Поглотитель запаха для холодильника на основе вытяжки из морских водорослей Rhodophyceae [1813]
TOPHOUSE;TOPHOUSE;Поглотитель запаха для холодильника с ионами серебра TOP HOUSE [1815]
